Customer_ID,Customer_Name,Customer_Segment,Region,City,Customer_Status,Acquisition_Channel
C0001,Customer 0001,Retail,North,Chandigarh,Active,Online
C0002,Customer 0002,SME,South,Hyderabad,Active,Relationship Manager
C0003,Customer 0003,Retail,Central,Nagpur,Inactive,Online
C0004,Customer 0004,Retail,North,Delhi,Active,Relationship Manager
C0005,Customer 0005,Retail,Central,Nagpur,Active,Relationship Manager
C0006,Customer 0006,Enterprise,Central,Bhopal,Inactive,Relationship Manager
C0007,Customer 0007,Retail,East,Kolkata,Inactive,Branch
C0008,  Customer 0008  ,SME,East,Kolkata,Active,Online
C0009,Customer 0009,Enterprise,North,Delhi,Active,Branch
C0010,Customer 0010,Corporate,Central,Bhopal,Inactive,Relationship Manager
C0011,Customer 0011,Enterprise,North,Delhi,Active,Relationship Manager
C0012,Customer 0012,Corporate,Central,Nagpur,Active,Relationship Manager
C0013,Customer 0013,Retail,North,Chandigarh,Active,Branch
C0014,Customer 0014,SME,North,Delhi,Inactive,Branch
C0015,Customer 0015,Corporate,West,Mumbai,Active,Branch
C0016,Customer 0016,Corporate,South,Hyderabad,Active,Relationship Manager
C0017,Customer 0017,SME,South,Bengaluru,Inactive,Branch
C0018,Customer 0018,SME,East,Guwahati,Active,Online
C0019,Customer 0019,Retail,South,Chennai,Inactive,Branch
C0020,Customer 0020,SME,North,mumbai,Active,Online
C0021,Customer 0021,Enterprise,West,Ahmedabad,Inactive,Online
C0022,Customer 0022,SME,East,Kolkata,Active,Relationship Manager
C0023,Customer 0023,Enterprise,Central,Nagpur,Inactive,Branch
C0024,Customer 0024,SME,South,Hyderabad,Inactive,Online
C0025,Customer 0025,Retail,North,Delhi,Active,Relationship Manager
C0026,Customer 0026,Retail,West,Pune,Inactive,Relationship Manager
C0027,Customer 0027,Corporate,West,Ahmedabad,Active,Relationship Manager
C0028,Customer 0028,Corporate,North,Chandigarh,Active,Online
C0029,Customer 0029,Enterprise,East,Kolkata,Inactive,Online
C0030,Customer 0030,SME,East,Guwahati,Active,Relationship Manager
C0031,Customer 0031,SME,East,Kolkata,Active,Online
C0032,Customer 0032,Retail,Central,Nagpur,Active,Branch
C0033,Customer 0033,Retail,North,Jaipur,Active,Online
C0034,Customer 0034,SME,North,Chandigarh,Active,Online
C0035,Customer 0035,Retail,West,Ahmedabad,Active,Online
C0036,Customer 0036,,West,Pune,Inactive,Online
C0037,Customer 0037,SME,Central,Nagpur,Active,Branch
C0038,Customer 0038,Enterprise,East,Guwahati,Inactive,Online
C0039,Customer 0039,SME,South,Bengaluru,Active,Online
C0040,Customer 0040,SME,Central,Nagpur,Active,Online
C0041,Customer 0041,Retail,North,Delhi,Active,Online
C0042,Customer 0042,Retail,East,Guwahati,Active,Branch
C0043,Customer 0043,SME,West,Ahmedabad,Active,Relationship Manager
C0044,Customer 0044,Enterprise,Central,Bhopal,Inactive,Branch
C0045,Customer 0045,Retail,South,Bengaluru,Inactive,Branch
C0046,Customer 0046,Enterprise,West,Pune,Active,Relationship Manager
C0047,Customer 0047,Retail,North,Jaipur,Active,Online
C0048,Customer 0048,SME,South,Bengaluru,Inactive,Online
C0049,Customer 0049,SME,West,Pune,Inactive,Online
C0050,Customer 0050,Enterprise,North,Chandigarh,Active,Online
C0051,Customer 0051,Retail,Central,Bhopal,Active,Online
C0052,Customer 0052,Enterprise,West,Pune,Active,Branch
C0053,Customer 0053,SME,North,Jaipur,Active,Branch
C0054,Customer 0054,Enterprise,East,Bhubaneswar,Inactive,Relationship Manager
C0055,Customer 0055,Enterprise,Central,Bhopal,Active,Branch
C0056,Customer 0056,Retail,South,Hyderabad,Active,Relationship Manager
C0057,Customer 0057,Retail,East,Kolkata,Inactive,Relationship Manager
C0058,Customer 0058,SME,Central,Bhopal,Active,Online
C0059,Customer 0059,Retail,West ,Chandigarh,Active,Branch
C0060,Customer 0060,SME,North,Chandigarh,Active,Relationship Manager
C0061,Customer 0061,Enterprise,North,Chandigarh,Active,Branch
C0062,Customer 0062,Corporate,South,Bengaluru,Active,Branch
C0063,Customer 0063,Corporate,South,Chennai,Active,Online
C0064,Customer 0064,Enterprise,North,Chandigarh,Active,Online
C0065,Customer 0065,SME,Central,Nagpur,Active,Online
C0066,Customer 0066,Retail,East,Kolkata,Active,Branch
C0067,Customer 0067,Enterprise,South,Hyderabad,Active,Relationship Manager
C0068,Customer 0068,Retail,Central,Nagpur,Active,Relationship Manager
C0069,Customer 0069,SME,North,Jaipur,Active,Online
C0070,Customer 0070,SME,Central,Indore,Active,Relationship Manager
C0071,Customer 0071,Corporate,South,Bengaluru,Active,Relationship Manager
C0072,Customer 0072,Corporate,West,Mumbai,Active,Relationship Manager
C0073,Customer 0073,Corporate,West,Mumbai,Active,Branch
C0074,Customer 0074,Corporate,South,Bengaluru,Inactive,Relationship Manager
C0075,Customer 0075,Retail,West,Mumbai,Active,Relationship Manager
C0076,Customer 0076,Retail,South,Chennai,Active,Branch
C0077,Customer 0077,Retail,South,Chennai,Active,Online
C0078,Customer 0078,SME,East,Guwahati,Active,Relationship Manager
C0079,Customer 0079,Corporate,North,Chandigarh,Inactive,Relationship Manager
C0080,Customer 0080,SME,South,Bengaluru,Active,Branch
C0081,Customer 0081,SME,North,Chandigarh,Active,Branch
C0082,Customer 0082,Corporate,South,Bengaluru,Active,Branch
C0083,Customer 0083,Enterprise,North,Delhi,Active,Branch
C0084,Customer 0084,Corporate,East,Kolkata,Active,Online
C0085,Customer 0085,Enterprise,South,Chennai,Active,Online
C0086,Customer 0086,Corporate,East,Guwahati,Inactive,Relationship Manager
C0087,Customer 0087,Corporate,Central,Bhopal,Active,Branch
C0088,Customer 0088,Corporate,South,Bengaluru,Active,Relationship Manager
C0089,Customer 0089,Corporate,West,Ahmedabad,Active,Branch
C0090,Customer 0090,Retail,Central,Indore,Active,Branch
C0091,Customer 0091,Enterprise,North,Delhi,Active,Branch
C0092,Customer 0092,Retail,West,Ahmedabad,active,Relationship Manager
C0093,Customer 0093,Retail,East,Guwahati,Active,Relationship Manager
C0094,Customer 0094,Enterprise,East,Bhubaneswar,Inactive,Relationship Manager
C0095,Customer 0095,SME,East,Kolkata,Inactive,Relationship Manager
C0096,Customer 0096,SME,West,Ahmedabad,Active,Branch
C0097,Customer 0097,Retail,Central,Indore,Active,Online
C0098,Customer 0098,Corporate,West,Pune,Inactive,Branch
C0099,Customer 0099,Enterprise,South,Hyderabad,Active,Relationship Manager
C0100,Customer 0100,Corporate,North,Chandigarh,Active,Online
C0101,Customer 0101,Corporate,South,Bengaluru,Active,Online
C0102,Customer 0102,Retail,North,Delhi,Inactive,Relationship Manager
C0103,Customer 0103,Enterprise,North,Jaipur,Active,Relationship Manager
C0104,Customer 0104,Enterprise,West,Pune,Active,Online
C0105,Customer 0105,Retail,North,Jaipur,Active,Online
C0106,Customer 0106,Enterprise,Central,Bhopal,Active,Online
C0107,Customer 0107,SME,West,Pune,Active,Branch
C0108,Customer 0108,Enterprise,Central,Nagpur,Inactive,Online
C0109,Customer 0109,Enterprise,West,Pune,Active,Relationship Manager
C0110,Customer 0110,Enterprise,East,Guwahati,Active,Branch
C0111,Customer 0111,Retail,West,Ahmedabad,Active,Online
C0112,Customer 0112,Corporate,East,Bhubaneswar,Active,Online
C0113,Customer 0113,SME,South,Chennai,Active,Relationship Manager
C0114,Customer 0114,Retail,South,Chennai,Inactive,Branch
C0115,Customer 0115,Enterprise,Central,Indore,Active,Online
C0116,Customer 0116,Enterprise,West,Ahmedabad,Active,Relationship Manager
C0117,Customer 0117,Enterprise,West,Mumbai,Active,Branch
C0118,Customer 0118,Enterprise,West,Ahmedabad,Active,Branch
C0119,Customer 0119,Corporate,South,Chennai,Inactive,Online
C0120,Customer 0120,Corporate,West,Ahmedabad,Inactive,Relationship Manager
